PG,SG,SF,PF,C,G,F,UTIL,Salary,Fpts Proj,Own. Prod.,Own. Sum.,Minutes,StdDev
Jared Butler (36930398),Carlton Carrington (36930293),Nikola Jokic (36929997),Mikal Bridges (36930150),OG Anunoby (36930138),Shai Gilgeous-Alexander (36930002),Brandon Clarke (36930316),Alex Caruso (36930373),49900,266.2,4.226862935949577e-06,206.6,233.70000000000002,78.7
Carlton Carrington (36930293),Marvin Bagley III (36930299),Nikola Jokic (36929997),Mikal Bridges (36930150),OG Anunoby (36930138),Desmond Bane (36930120),Josh Hart (36930098),Isaiah Joe (36930360),50000,265.64,5.859225156150802e-06,199.20000000000002,250.39999999999998,77.09
Jared Butler (36930398),Carlton Carrington (36930293),Nikola Jokic (36929997),Jrue Holiday (36930224),Mikal Bridges (36930150),Aaron Gordon (36930147),Scottie Barnes (36930013),Tim Hardaway Jr. (36930368),50000,266.22,2.5727129758584087e-06,212.39999999999998,245.39999999999998,77.21
Jared Butler (36930398),Carlton Carrington (36930293),Nikola Jokic (36929997),Mason Plumlee (36930301),OG Anunoby (36930138),Luka Doncic (36929999),Oso Ighodaro (36930289),Aaron Wiggins (36930341),50000,264.62,6.020796371412327e-07,186.79999999999998,222.9,79.97000000000001
